Order ID,Customer Name,Order Date,Order State,Order City
ORD0001,Vibhav Verma,2026-01-07,Tamil Nadu,Chennai
ORD0002,Aarav Jain,2026-02-27,Rajasthan,Jodhpur
ORD0003,Aman Singh,2026-06-23,Delhi,New Delhi
ORD0004,Vikash Gupta,2026-06-01,Bihar,Patna
ORD0005,Tanya Verma,2026-01-08,West Bengal,Kolkata
ORD0006,Ayush Jain,2026-03-01,Maharashtra,Pune
ORD0007,Simran Verma,2026-01-07,Bihar,Muzaffarpur
ORD0008,Nisha Yadav,2026-07-03,Bihar,Patna
ORD0009,Vivaan Sharma,2026-05-20,Tamil Nadu,Madurai
ORD0010,Aditya Singh,2026-04-25,West Bengal,Kolkata
ORD0011,Vikash Agarwal,2026-07-27,Telangana,Warangal
ORD0012,Shreya Sharma,2026-07-26,Uttar Pradesh,Noida
ORD0013,Simran Singh,2026-03-29,Delhi,New Delhi
ORD0014,Sakshi Tiwari,2026-02-25,Rajasthan,Jodhpur
ORD0015,Sakshi Agarwal,2026-01-24,Gujarat,Ahmedabad
ORD0016,Neha Singh,2026-04-02,West Bengal,Kolkata
ORD0017,Pooja Srivastava,2026-07-26,Gujarat,Vadodara
ORD0018,Aman Patel,2026-04-28,Uttar Pradesh,Meerut
ORD0019,Aarav Patel,2026-08-25,Bihar,Patna
ORD0020,Rohan Jain,2026-05-22,West Bengal,Kolkata
ORD0021,Neha Mishra,2026-05-28,Rajasthan,Udaipur
ORD0022,Aman Gupta,2026-01-12,Karnataka,Bangalore
ORD0023,Karan Patel,2026-07-17,Tamil Nadu,Chennai
ORD0024,Riya Verma,2026-08-07,Rajasthan,Jaipur
ORD0025,Aditya Yadav,2026-04-08,Karnataka,Bangalore
ORD0026,Arjun Mishra,2026-06-12,Rajasthan,Kota
ORD0027,Priya Srivastava,2026-04-05,Gujarat,Surat
ORD0028,Aman Patel,2026-06-21,Gujarat,Surat
ORD0029,Vivaan Jain,2026-06-05,Rajasthan,Jaipur
ORD0030,Pooja Agarwal,2026-05-17,Tamil Nadu,Chennai
ORD0031,Arjun Yadav,2026-04-29,Karnataka,Mysore
ORD0032,Aditya Agarwal,2026-08-25,West Bengal,Howrah
ORD0033,Ankit Mehta,2026-05-23,Tamil Nadu,Madurai
ORD0034,Vibhav Srivastava,2026-08-04,Karnataka,Mangalore
ORD0035,Priya Srivastava,2026-07-30,Uttar Pradesh,Kanpur
ORD0036,Karan Jain,2026-03-22,Uttar Pradesh,Noida
ORD0037,Aditya Sharma,2026-01-17,West Bengal,Howrah
ORD0038,Ayush Singh,2026-02-24,Karnataka,Mangalore
ORD0039,Ankit Verma,2026-04-12,Tamil Nadu,Coimbatore
ORD0040,Vikash Mehta,2026-02-06,Tamil Nadu,Coimbatore
ORD0041,Arjun Yadav,2026-03-05,Rajasthan,Jodhpur
ORD0042,Aman Kumar,2026-03-09,Bihar,Muzaffarpur
ORD0043,Vibhav Mehta,2026-08-18,Telangana,Warangal
ORD0044,Priya Gupta,2026-04-03,Telangana,Warangal
ORD0045,Priya Mishra,2026-05-11,Karnataka,Mysore
ORD0046,Karan Tiwari,2026-07-13,Madhya Pradesh,Indore
ORD0047,Aman Jain,2026-01-29,Uttar Pradesh,Noida
ORD0048,Ayush Tiwari,2026-07-22,Delhi,New Delhi
ORD0049,Aditya Srivastava,2026-06-02,Tamil Nadu,Coimbatore
ORD0050,Vibhav Gupta,2026-04-08,Maharashtra,Nashik
ORD0051,Simran Jain,2026-05-16,Telangana,Warangal
ORD0052,Vikash Gupta,2026-06-24,Rajasthan,Jaipur
ORD0053,Pooja Yadav,2026-07-12,Maharashtra,Thane
ORD0054,Aman Tiwari,2026-01-29,Rajasthan,Udaipur
ORD0055,Sakshi Agarwal,2026-02-10,Rajasthan,Kota
ORD0056,Vikash Tiwari,2026-07-04,Madhya Pradesh,Indore
ORD0057,Riya Mehta,2026-05-10,Rajasthan,Jodhpur
ORD0058,Vivaan Singh,2026-08-04,Maharashtra,Nagpur
ORD0059,Vivaan Patel,2026-06-05,Tamil Nadu,Madurai
ORD0060,Riya Yadav,2026-04-06,Karnataka,Mysore
ORD0061,Aman Verma,2026-06-03,Delhi,New Delhi
ORD0062,Karan Srivastava,2026-01-05,Gujarat,Rajkot
ORD0063,Sakshi Mishra,2026-08-13,Maharashtra,Nagpur
ORD0064,Karan Tiwari,2026-01-15,Rajasthan,Jodhpur
ORD0065,Sneha Yadav,2026-01-22,Karnataka,Bangalore
ORD0066,Vibhav Kumar,2026-07-14,Madhya Pradesh,Indore
ORD0067,Rahul Pandey,2026-02-02,Bihar,Patna
ORD0068,Rahul Singh,2026-05-21,Tamil Nadu,Coimbatore
ORD0069,Tanya Agarwal,2026-05-16,Delhi,New Delhi
ORD0070,Simran Pandey,2026-02-24,Telangana,Warangal
ORD0071,Tanya Srivastava,2026-06-26,Bihar,Muzaffarpur
ORD0072,Neha Srivastava,2026-04-13,Karnataka,Mangalore
ORD0073,Ananya Mishra,2026-04-06,Tamil Nadu,Madurai
ORD0074,Vikash Gupta,2026-01-31,Madhya Pradesh,Jabalpur
ORD0075,Kavya Kumar,2026-01-17,Karnataka,Mysore
ORD0076,Aditya Patel,2026-05-31,Gujarat,Ahmedabad
ORD0077,Vivaan Mehta,2026-05-31,Bihar,Patna
ORD0078,Arjun Gupta,2026-01-19,Karnataka,Bangalore
ORD0079,Vibhav Gupta,2026-02-28,Tamil Nadu,Chennai
ORD0080,Ayush Yadav,2026-08-09,Maharashtra,Mumbai
ORD0081,Shreya Verma,2026-05-12,Gujarat,Ahmedabad
ORD0082,Ananya Yadav,2026-06-21,Karnataka,Mangalore
ORD0083,Shreya Kumar,2026-05-19,Madhya Pradesh,Bhopal
ORD0084,Kavya Pandey,2026-03-04,Delhi,New Delhi
ORD0085,Simran Mehta,2026-02-18,Madhya Pradesh,Jabalpur
ORD0086,Aarav Tiwari,2026-06-18,Maharashtra,Mumbai
ORD0087,Tanya Verma,2026-04-19,West Bengal,Howrah
ORD0088,Ayush Agarwal,2026-08-10,West Bengal,Howrah
ORD0089,Aman Patel,2026-06-17,Uttar Pradesh,Meerut
ORD0090,Vibhav Mishra,2026-01-16,Tamil Nadu,Chennai
ORD0091,Arjun Pandey,2026-03-28,West Bengal,Durgapur
ORD0092,Neha Gupta,2026-02-19,Maharashtra,Pune
ORD0093,Pooja Sharma,2026-02-05,Karnataka,Hubli
ORD0094,Tanya Jain,2026-03-13,West Bengal,Kolkata
ORD0095,Aman Agarwal,2026-08-12,Madhya Pradesh,Bhopal
ORD0096,Rohan Agarwal,2026-07-26,Maharashtra,Nashik
ORD0097,Arjun Mehta,2026-01-13,Bihar,Patna
ORD0098,Vibhav Pandey,2026-08-03,Tamil Nadu,Madurai
ORD0099,Vibhav Agarwal,2026-08-26,Uttar Pradesh,Lucknow
ORD0100,Shreya Singh,2026-04-15,Karnataka,Mysore
ORD0101,Rahul Mishra,2026-02-24,Madhya Pradesh,Jabalpur
ORD0102,Rohan Agarwal,2026-02-12,West Bengal,Kolkata
ORD0103,Kavya Sharma,2026-04-10,West Bengal,Kolkata
ORD0104,Shreya Mishra,2026-03-15,Rajasthan,Kota
ORD0105,Sneha Sharma,2026-07-07,West Bengal,Durgapur
ORD0106,Arjun Mishra,2026-07-03,Bihar,Muzaffarpur
ORD0107,Ankit Singh,2026-02-18,Madhya Pradesh,Bhopal
ORD0108,Vivaan Singh,2026-01-15,Rajasthan,Jodhpur
ORD0109,Nisha Verma,2026-05-19,Telangana,Nizamabad
ORD0110,Aditya Jain,2026-03-22,Uttar Pradesh,Meerut
ORD0111,Sneha Mehta,2026-05-30,Uttar Pradesh,Lucknow
ORD0112,Aditya Patel,2026-01-15,Madhya Pradesh,Bhopal
ORD0113,Simran Patel,2026-08-06,Bihar,Patna
ORD0114,Rahul Gupta,2026-06-02,Delhi,New Delhi
ORD0115,Ayush Kumar,2026-04-14,Maharashtra,Pune
ORD0116,Simran Gupta,2026-03-05,Maharashtra,Thane
ORD0117,Aman Agarwal,2026-01-11,Telangana,Nizamabad
ORD0118,Shreya Yadav,2026-04-18,Telangana,Hyderabad
ORD0119,Karan Agarwal,2026-05-25,Tamil Nadu,Madurai
ORD0120,Tanya Jain,2026-08-28,Bihar,Gaya
ORD0121,Karan Jain,2026-06-21,Rajasthan,Jodhpur
ORD0122,Ankit Yadav,2026-03-09,Gujarat,Surat
ORD0123,Ayush Tiwari,2026-06-21,West Bengal,Kolkata
ORD0124,Priya Kumar,2026-04-28,Tamil Nadu,Coimbatore
ORD0125,Kavya Kumar,2026-01-03,Gujarat,Ahmedabad
ORD0126,Arjun Singh,2026-01-19,Madhya Pradesh,Indore
ORD0127,Vikash Verma,2026-05-10,Bihar,Patna
ORD0128,Riya Sharma,2026-08-27,Rajasthan,Jodhpur
ORD0129,Nisha Agarwal,2026-08-14,Gujarat,Ahmedabad
ORD0130,Vikash Srivastava,2026-03-14,Karnataka,Mangalore
ORD0131,Vikash Sharma,2026-08-02,Delhi,New Delhi
ORD0132,Aditya Jain,2026-03-19,Bihar,Muzaffarpur
ORD0133,Vibhav Sharma,2026-05-16,Telangana,Nizamabad
ORD0134,Vikash Verma,2026-07-29,Uttar Pradesh,Meerut
ORD0135,Vivaan Mehta,2026-08-27,Bihar,Gaya
ORD0136,Riya Verma,2026-08-29,Tamil Nadu,Chennai
ORD0137,Kavya Singh,2026-01-30,Delhi,New Delhi
ORD0138,Aman Tiwari,2026-02-09,Maharashtra,Thane
ORD0139,Sneha Singh,2026-06-04,Rajasthan,Udaipur
ORD0140,Simran Gupta,2026-02-22,Karnataka,Mangalore
ORD0141,Tanya Srivastava,2026-08-07,Tamil Nadu,Madurai
ORD0142,Nisha Kumar,2026-03-06,Rajasthan,Kota
ORD0143,Vikash Patel,2026-06-12,Uttar Pradesh,Lucknow
ORD0144,Sneha Patel,2026-01-12,West Bengal,Howrah
ORD0145,Neha Singh,2026-07-17,Uttar Pradesh,Agra
ORD0146,Arjun Verma,2026-02-11,Delhi,New Delhi
ORD0147,Ayush Yadav,2026-05-24,Madhya Pradesh,Jabalpur
ORD0148,Priya Yadav,2026-01-20,Uttar Pradesh,Lucknow
ORD0149,Neha Kumar,2026-08-02,Delhi,New Delhi
ORD0150,Tanya Sharma,2026-04-21,Gujarat,Surat
ORD0151,Ayush Tiwari,2026-03-20,Delhi,New Delhi
ORD0152,Vibhav Verma,2026-08-19,Gujarat,Ahmedabad
ORD0153,Vivaan Yadav,2026-06-24,Gujarat,Surat
ORD0154,Tanya Mishra,2026-04-01,Karnataka,Bangalore
ORD0155,Arjun Singh,2026-06-08,Bihar,Gaya
ORD0156,Karan Singh,2026-08-10,Delhi,New Delhi
ORD0157,Simran Kumar,2026-08-14,Delhi,New Delhi
ORD0158,Rahul Yadav,2026-02-15,West Bengal,Kolkata
ORD0159,Rohan Pandey,2026-07-25,Gujarat,Rajkot
ORD0160,Pooja Singh,2026-07-27,Tamil Nadu,Madurai
ORD0161,Aditya Kumar,2026-02-10,Karnataka,Mangalore
ORD0162,Simran Verma,2026-08-12,Maharashtra,Nashik
ORD0163,Vivaan Tiwari,2026-05-01,Uttar Pradesh,Noida
ORD0164,Simran Mehta,2026-07-29,Karnataka,Mysore
ORD0165,Aarav Verma,2026-03-20,Madhya Pradesh,Gwalior
ORD0166,Vikash Gupta,2026-01-07,Karnataka,Mysore
ORD0167,Neha Kumar,2026-04-13,Tamil Nadu,Chennai
ORD0168,Sneha Singh,2026-08-10,Gujarat,Vadodara
ORD0169,Ananya Sharma,2026-03-31,Maharashtra,Nagpur
ORD0170,Rohan Yadav,2026-04-13,Tamil Nadu,Madurai
ORD0171,Aarav Yadav,2026-03-26,Tamil Nadu,Madurai
ORD0172,Aman Patel,2026-08-13,Uttar Pradesh,Lucknow
ORD0173,Pooja Pandey,2026-05-29,Rajasthan,Jodhpur
ORD0174,Neha Jain,2026-01-28,Rajasthan,Jaipur
ORD0175,Tanya Patel,2026-03-30,Telangana,Warangal
ORD0176,Simran Tiwari,2026-06-05,Gujarat,Rajkot
ORD0177,Sakshi Kumar,2026-04-09,Bihar,Patna
ORD0178,Rahul Singh,2026-03-07,Telangana,Hyderabad
ORD0179,Ankit Singh,2026-04-22,Uttar Pradesh,Meerut
ORD0180,Vivaan Srivastava,2026-08-25,Uttar Pradesh,Prayagraj
ORD0181,Tanya Agarwal,2026-07-04,Bihar,Muzaffarpur
ORD0182,Vivaan Jain,2026-04-04,Tamil Nadu,Chennai
ORD0183,Riya Sharma,2026-06-20,West Bengal,Kolkata
ORD0184,Vivaan Srivastava,2026-06-19,Gujarat,Vadodara
ORD0185,Sneha Agarwal,2026-05-10,Maharashtra,Nagpur
ORD0186,Kavya Gupta,2026-03-25,Rajasthan,Kota
ORD0187,Vivaan Agarwal,2026-03-17,West Bengal,Durgapur
ORD0188,Aditya Mehta,2026-02-19,Bihar,Patna
ORD0189,Rohan Verma,2026-08-29,West Bengal,Durgapur
ORD0190,Shreya Verma,2026-07-11,West Bengal,Durgapur
ORD0191,Ayush Mehta,2026-04-14,Delhi,New Delhi
ORD0192,Vikash Yadav,2026-03-19,Bihar,Patna
ORD0193,Arjun Srivastava,2026-04-21,Rajasthan,Jodhpur
ORD0194,Vikash Srivastava,2026-06-17,Telangana,Nizamabad
ORD0195,Shreya Sharma,2026-04-24,Gujarat,Rajkot
ORD0196,Shreya Verma,2026-05-11,Madhya Pradesh,Bhopal
ORD0197,Neha Tiwari,2026-06-18,Madhya Pradesh,Bhopal
ORD0198,Nisha Srivastava,2026-05-12,Maharashtra,Nagpur
ORD0199,Kavya Mishra,2026-06-08,Tamil Nadu,Madurai
ORD0200,Aman Singh,2026-07-29,Gujarat,Ahmedabad
ORD0201,Ayush Jain,2026-02-27,Karnataka,Mangalore
ORD0202,Riya Singh,2026-01-07,Karnataka,Mysore
ORD0203,Aman Yadav,2026-05-02,Uttar Pradesh,Kanpur
ORD0204,Rahul Tiwari,2026-04-27,Telangana,Hyderabad
ORD0205,Vibhav Pandey,2026-05-28,West Bengal,Durgapur
ORD0206,Pooja Mishra,2026-05-07,Karnataka,Hubli
ORD0207,Aditya Sharma,2026-02-07,West Bengal,Kolkata
ORD0208,Pooja Srivastava,2026-01-02,Tamil Nadu,Madurai
ORD0209,Nisha Verma,2026-02-26,Maharashtra,Nashik
ORD0210,Aditya Agarwal,2026-01-13,Delhi,New Delhi
ORD0211,Karan Agarwal,2026-08-23,Bihar,Patna
ORD0212,Aman Gupta,2026-02-04,Maharashtra,Nashik
ORD0213,Priya Verma,2026-07-13,Madhya Pradesh,Gwalior
ORD0214,Vikash Mishra,2026-08-01,Madhya Pradesh,Jabalpur
ORD0215,Ankit Gupta,2026-08-18,Bihar,Gaya
ORD0216,Pooja Mehta,2026-04-26,Delhi,New Delhi
ORD0217,Simran Jain,2026-08-04,Rajasthan,Jodhpur
ORD0218,Ankit Srivastava,2026-07-16,Tamil Nadu,Coimbatore
ORD0219,Vibhav Agarwal,2026-06-10,Bihar,Gaya
ORD0220,Aarav Tiwari,2026-04-23,Karnataka,Mangalore
ORD0221,Simran Pandey,2026-03-02,Maharashtra,Nagpur
ORD0222,Ayush Verma,2026-03-23,Rajasthan,Udaipur
ORD0223,Rahul Pandey,2026-02-05,Bihar,Patna
ORD0224,Arjun Verma,2026-04-09,Delhi,New Delhi
ORD0225,Tanya Agarwal,2026-01-17,Delhi,New Delhi
ORD0226,Rahul Pandey,2026-03-26,West Bengal,Howrah
ORD0227,Ankit Srivastava,2026-04-17,Bihar,Gaya
ORD0228,Karan Jain,2026-08-02,Uttar Pradesh,Kanpur
ORD0229,Riya Singh,2026-08-20,West Bengal,Howrah
ORD0230,Ayush Tiwari,2026-01-06,Telangana,Nizamabad
ORD0231,Aman Agarwal,2026-05-03,Telangana,Warangal
ORD0232,Sneha Pandey,2026-03-18,Uttar Pradesh,Agra
ORD0233,Vivaan Verma,2026-05-18,West Bengal,Howrah
ORD0234,Vibhav Yadav,2026-08-18,Bihar,Muzaffarpur
ORD0235,Aman Sharma,2026-02-26,Karnataka,Hubli
ORD0236,Aarav Mishra,2026-05-05,Rajasthan,Kota
ORD0237,Rahul Tiwari,2026-03-28,Uttar Pradesh,Varanasi
ORD0238,Aman Gupta,2026-07-24,Tamil Nadu,Madurai
ORD0239,Tanya Kumar,2026-02-12,West Bengal,Durgapur
ORD0240,Simran Jain,2026-06-09,Madhya Pradesh,Bhopal
ORD0241,Neha Agarwal,2026-08-21,Bihar,Patna
ORD0242,Aarav Verma,2026-05-25,West Bengal,Durgapur
ORD0243,Aditya Jain,2026-01-22,Tamil Nadu,Chennai
ORD0244,Rahul Agarwal,2026-02-04,Tamil Nadu,Coimbatore
ORD0245,Vivaan Mehta,2026-01-13,Madhya Pradesh,Bhopal
ORD0246,Priya Srivastava,2026-03-25,Rajasthan,Kota
ORD0247,Simran Gupta,2026-03-25,Karnataka,Hubli
ORD0248,Neha Gupta,2026-03-13,Gujarat,Rajkot
ORD0249,Vivaan Pandey,2026-08-02,West Bengal,Howrah
ORD0250,Priya Patel,2026-01-05,Maharashtra,Nashik
ORD0251,Vivaan Mishra,2026-03-31,Bihar,Patna
ORD0252,Karan Tiwari,2026-07-19,Karnataka,Bangalore
ORD0253,Vikash Tiwari,2026-07-13,Tamil Nadu,Chennai
ORD0254,Arjun Mishra,2026-02-21,Uttar Pradesh,Kanpur
ORD0255,Simran Mehta,2026-02-09,Uttar Pradesh,Prayagraj
ORD0256,Neha Srivastava,2026-05-02,Karnataka,Mysore
ORD0257,Tanya Gupta,2026-05-25,Tamil Nadu,Chennai
ORD0258,Vikash Mehta,2026-06-29,Karnataka,Hubli
ORD0259,Rohan Patel,2026-02-12,Rajasthan,Udaipur
ORD0260,Rohan Yadav,2026-07-11,Telangana,Nizamabad
ORD0261,Aarav Gupta,2026-03-21,Maharashtra,Pune
ORD0262,Tanya Mishra,2026-01-07,Maharashtra,Thane
ORD0263,Neha Patel,2026-04-12,Rajasthan,Kota
ORD0264,Ayush Mehta,2026-06-01,Karnataka,Bangalore
ORD0265,Tanya Patel,2026-01-27,Tamil Nadu,Chennai
ORD0266,Vikash Pandey,2026-07-23,Rajasthan,Jaipur
ORD0267,Rohan Patel,2026-03-30,Telangana,Hyderabad
ORD0268,Sakshi Verma,2026-06-19,Bihar,Gaya
ORD0269,Ananya Mehta,2026-05-10,Gujarat,Ahmedabad
ORD0270,Vivaan Mehta,2026-01-04,Tamil Nadu,Coimbatore
ORD0271,Sneha Singh,2026-01-28,West Bengal,Howrah
ORD0272,Karan Mehta,2026-06-12,West Bengal,Howrah
ORD0273,Pooja Mishra,2026-04-22,Madhya Pradesh,Bhopal
ORD0274,Ankit Mehta,2026-06-07,Delhi,New Delhi
ORD0275,Vikash Singh,2026-04-30,Bihar,Gaya
ORD0276,Aarav Tiwari,2026-06-01,West Bengal,Durgapur
ORD0277,Karan Yadav,2026-08-07,Rajasthan,Udaipur
ORD0278,Riya Pandey,2026-03-13,Karnataka,Bangalore
ORD0279,Aditya Patel,2026-07-12,Madhya Pradesh,Bhopal
ORD0280,Aman Mishra,2026-03-28,Madhya Pradesh,Jabalpur
ORD0281,Vibhav Agarwal,2026-08-06,Uttar Pradesh,Varanasi
ORD0282,Ananya Tiwari,2026-05-05,Gujarat,Surat
ORD0283,Simran Mishra,2026-07-24,Karnataka,Mangalore
ORD0284,Aarav Verma,2026-03-13,Rajasthan,Udaipur
ORD0285,Aman Gupta,2026-08-14,Telangana,Nizamabad
ORD0286,Nisha Pandey,2026-05-13,Rajasthan,Jaipur
ORD0287,Vivaan Verma,2026-03-03,Karnataka,Bangalore
ORD0288,Shreya Yadav,2026-05-23,West Bengal,Howrah
ORD0289,Priya Jain,2026-06-15,Karnataka,Hubli
ORD0290,Riya Yadav,2026-07-22,Madhya Pradesh,Jabalpur
ORD0291,Shreya Agarwal,2026-03-17,Uttar Pradesh,Lucknow
ORD0292,Arjun Yadav,2026-06-27,Karnataka,Hubli
ORD0293,Nisha Singh,2026-06-19,Karnataka,Mangalore
ORD0294,Aman Sharma,2026-05-02,Telangana,Warangal
ORD0295,Sakshi Yadav,2026-03-30,Bihar,Muzaffarpur
ORD0296,Aarav Agarwal,2026-05-21,West Bengal,Durgapur
ORD0297,Simran Tiwari,2026-06-29,Gujarat,Vadodara
ORD0298,Tanya Jain,2026-03-20,Madhya Pradesh,Gwalior
ORD0299,Tanya Tiwari,2026-01-31,Rajasthan,Jodhpur
ORD0300,Karan Mishra,2026-01-31,Karnataka,Mangalore
ORD0301,Neha Verma,2026-02-17,Bihar,Muzaffarpur
ORD0302,Ayush Mishra,2026-07-09,Karnataka,Mysore
ORD0303,Shreya Mishra,2026-07-05,Madhya Pradesh,Gwalior
ORD0304,Ayush Mehta,2026-06-02,Telangana,Nizamabad
ORD0305,Arjun Jain,2026-08-02,Rajasthan,Jaipur
ORD0306,Ankit Agarwal,2026-02-28,Karnataka,Mangalore
ORD0307,Ankit Tiwari,2026-03-19,Gujarat,Surat
ORD0308,Neha Mishra,2026-05-17,Uttar Pradesh,Meerut
ORD0309,Ananya Jain,2026-01-12,Delhi,New Delhi
ORD0310,Ankit Agarwal,2026-03-16,Uttar Pradesh,Prayagraj
ORD0311,Rahul Singh,2026-01-27,Delhi,New Delhi
ORD0312,Neha Tiwari,2026-03-14,Uttar Pradesh,Prayagraj
ORD0313,Ananya Tiwari,2026-04-23,Madhya Pradesh,Jabalpur
ORD0314,Tanya Gupta,2026-01-14,Gujarat,Surat
ORD0315,Shreya Srivastava,2026-01-30,Rajasthan,Kota
ORD0316,Ankit Yadav,2026-05-06,Maharashtra,Nashik
ORD0317,Simran Mehta,2026-06-11,Maharashtra,Thane
ORD0318,Aarav Pandey,2026-02-08,Tamil Nadu,Chennai
ORD0319,Ankit Singh,2026-01-22,Delhi,New Delhi
ORD0320,Neha Patel,2026-05-23,Karnataka,Bangalore
ORD0321,Nisha Srivastava,2026-06-02,West Bengal,Durgapur
ORD0322,Vibhav Mishra,2026-07-18,Telangana,Hyderabad
ORD0323,Pooja Kumar,2026-04-26,Bihar,Gaya
ORD0324,Pooja Tiwari,2026-08-09,Madhya Pradesh,Gwalior
ORD0325,Karan Agarwal,2026-03-20,Telangana,Warangal
ORD0326,Sneha Patel,2026-01-16,Telangana,Nizamabad
ORD0327,Tanya Gupta,2026-01-26,Telangana,Nizamabad
ORD0328,Ayush Verma,2026-03-09,Karnataka,Mysore
ORD0329,Ankit Agarwal,2026-02-10,Tamil Nadu,Chennai
ORD0330,Ayush Tiwari,2026-05-22,Karnataka,Mysore
ORD0331,Shreya Mishra,2026-01-01,Maharashtra,Pune
ORD0332,Aditya Mehta,2026-06-26,West Bengal,Howrah
ORD0333,Vikash Tiwari,2026-03-16,Telangana,Warangal
ORD0334,Ankit Singh,2026-03-15,Uttar Pradesh,Kanpur
ORD0335,Karan Gupta,2026-01-19,Rajasthan,Kota
ORD0336,Aarav Sharma,2026-08-25,Tamil Nadu,Chennai
ORD0337,Vikash Kumar,2026-04-19,Rajasthan,Jodhpur
ORD0338,Shreya Mehta,2026-02-27,Maharashtra,Thane
ORD0339,Aditya Kumar,2026-08-21,Tamil Nadu,Chennai
ORD0340,Neha Tiwari,2026-01-19,Rajasthan,Jodhpur
ORD0341,Nisha Singh,2026-07-22,Uttar Pradesh,Kanpur
ORD0342,Sakshi Jain,2026-04-23,Rajasthan,Udaipur
ORD0343,Ananya Kumar,2026-06-26,Maharashtra,Nashik
ORD0344,Ananya Singh,2026-03-11,Rajasthan,Kota
ORD0345,Rahul Tiwari,2026-05-07,Bihar,Muzaffarpur
ORD0346,Sakshi Sharma,2026-06-03,Madhya Pradesh,Indore
ORD0347,Arjun Patel,2026-07-08,Uttar Pradesh,Varanasi
ORD0348,Neha Singh,2026-01-07,Gujarat,Vadodara
ORD0349,Rohan Patel,2026-06-22,Maharashtra,Pune
ORD0350,Sakshi Agarwal,2026-01-06,Telangana,Nizamabad
ORD0351,Pooja Sharma,2026-05-28,Tamil Nadu,Coimbatore
ORD0352,Simran Singh,2026-07-13,Uttar Pradesh,Noida
ORD0353,Arjun Kumar,2026-05-13,Delhi,New Delhi
ORD0354,Rahul Patel,2026-08-23,Tamil Nadu,Coimbatore
ORD0355,Pooja Tiwari,2026-05-30,Rajasthan,Jodhpur
ORD0356,Kavya Agarwal,2026-07-28,West Bengal,Durgapur
ORD0357,Shreya Mishra,2026-05-01,Madhya Pradesh,Indore
ORD0358,Pooja Srivastava,2026-03-27,Gujarat,Rajkot
ORD0359,Tanya Agarwal,2026-08-08,Gujarat,Ahmedabad
ORD0360,Neha Mehta,2026-04-16,Delhi,New Delhi
ORD0361,Simran Kumar,2026-06-19,Madhya Pradesh,Gwalior
ORD0362,Rohan Jain,2026-01-10,West Bengal,Durgapur
ORD0363,Sneha Kumar,2026-03-22,Madhya Pradesh,Indore
ORD0364,Aman Patel,2026-01-30,Rajasthan,Udaipur
ORD0365,Vikash Mehta,2026-07-31,West Bengal,Durgapur
ORD0366,Vibhav Pandey,2026-08-11,Uttar Pradesh,Meerut
ORD0367,Kavya Kumar,2026-04-16,Bihar,Gaya
ORD0368,Vibhav Singh,2026-05-13,Uttar Pradesh,Kanpur
ORD0369,Aman Kumar,2026-06-10,Gujarat,Rajkot
ORD0370,Aditya Jain,2026-02-22,Madhya Pradesh,Indore
ORD0371,Ankit Singh,2026-08-26,Rajasthan,Jodhpur
ORD0372,Aman Mishra,2026-08-14,Rajasthan,Kota
ORD0373,Riya Agarwal,2026-01-08,Madhya Pradesh,Indore
ORD0374,Aditya Gupta,2026-07-24,Tamil Nadu,Madurai
ORD0375,Rahul Singh,2026-03-21,Karnataka,Mysore
ORD0376,Ananya Jain,2026-05-22,Bihar,Patna
ORD0377,Rahul Jain,2026-02-27,West Bengal,Kolkata
ORD0378,Karan Verma,2026-01-31,Maharashtra,Nashik
ORD0379,Neha Yadav,2026-05-08,Tamil Nadu,Chennai
ORD0380,Riya Agarwal,2026-04-17,Rajasthan,Udaipur
ORD0381,Pooja Yadav,2026-03-04,Madhya Pradesh,Jabalpur
ORD0382,Vivaan Singh,2026-04-09,Madhya Pradesh,Bhopal
ORD0383,Neha Yadav,2026-08-10,Karnataka,Mysore
ORD0384,Nisha Jain,2026-07-17,Maharashtra,Nagpur
ORD0385,Aarav Mehta,2026-08-28,West Bengal,Howrah
ORD0386,Nisha Yadav,2026-07-30,Bihar,Gaya
ORD0387,Sneha Sharma,2026-07-05,Uttar Pradesh,Agra
ORD0388,Priya Pandey,2026-08-10,Rajasthan,Kota
ORD0389,Ananya Mehta,2026-05-18,Delhi,New Delhi
ORD0390,Neha Agarwal,2026-03-27,Madhya Pradesh,Gwalior
ORD0391,Tanya Jain,2026-04-07,Bihar,Muzaffarpur
ORD0392,Simran Patel,2026-08-11,Madhya Pradesh,Gwalior
ORD0393,Shreya Singh,2026-05-27,Karnataka,Mysore
ORD0394,Sneha Singh,2026-08-08,West Bengal,Kolkata
ORD0395,Aman Yadav,2026-03-23,West Bengal,Kolkata
ORD0396,Sneha Sharma,2026-04-09,Madhya Pradesh,Jabalpur
ORD0397,Ananya Mishra,2026-02-08,Tamil Nadu,Madurai
ORD0398,Ayush Tiwari,2026-02-02,Madhya Pradesh,Indore
ORD0399,Ananya Jain,2026-03-26,Bihar,Muzaffarpur
ORD0400,Rohan Mehta,2026-01-26,Maharashtra,Nashik
ORD0401,Pooja Gupta,2026-01-04,Bihar,Gaya
ORD0402,Shreya Agarwal,2026-08-11,Delhi,New Delhi
ORD0403,Aarav Yadav,2026-01-20,Tamil Nadu,Chennai
ORD0404,Nisha Srivastava,2026-03-28,Madhya Pradesh,Gwalior
ORD0405,Ayush Sharma,2026-04-12,Telangana,Nizamabad
ORD0406,Aditya Tiwari,2026-08-07,Tamil Nadu,Chennai
ORD0407,Neha Gupta,2026-03-23,Gujarat,Rajkot
ORD0408,Pooja Gupta,2026-08-16,Tamil Nadu,Madurai
ORD0409,Vivaan Pandey,2026-06-08,Madhya Pradesh,Indore
ORD0410,Ananya Mishra,2026-06-11,Maharashtra,Pune
ORD0411,Karan Kumar,2026-02-28,Tamil Nadu,Coimbatore
ORD0412,Riya Mishra,2026-01-26,Maharashtra,Nashik
ORD0413,Ananya Pandey,2026-08-12,Tamil Nadu,Madurai
ORD0414,Neha Pandey,2026-02-12,Maharashtra,Nashik
ORD0415,Aditya Kumar,2026-01-12,Rajasthan,Jaipur
ORD0416,Aarav Jain,2026-03-17,Gujarat,Ahmedabad
ORD0417,Simran Sharma,2026-04-21,Gujarat,Vadodara
ORD0418,Priya Singh,2026-05-16,Delhi,New Delhi
ORD0419,Vibhav Verma,2026-06-24,West Bengal,Durgapur
ORD0420,Vibhav Sharma,2026-02-14,Delhi,New Delhi
ORD0421,Aarav Singh,2026-08-11,Maharashtra,Thane
ORD0422,Karan Mehta,2026-06-24,West Bengal,Durgapur
ORD0423,Aarav Srivastava,2026-08-22,Karnataka,Hubli
ORD0424,Rahul Singh,2026-03-01,Telangana,Hyderabad
ORD0425,Rahul Kumar,2026-04-28,Madhya Pradesh,Gwalior
ORD0426,Ayush Verma,2026-08-19,Rajasthan,Jaipur
ORD0427,Nisha Singh,2026-06-23,Madhya Pradesh,Gwalior
ORD0428,Pooja Jain,2026-01-19,Bihar,Patna
ORD0429,Aman Patel,2026-05-31,Madhya Pradesh,Gwalior
ORD0430,Priya Gupta,2026-06-26,Rajasthan,Kota
ORD0431,Shreya Srivastava,2026-08-05,Rajasthan,Kota
ORD0432,Tanya Jain,2026-04-09,Rajasthan,Jodhpur
ORD0433,Arjun Patel,2026-03-02,Madhya Pradesh,Indore
ORD0434,Rohan Pandey,2026-04-02,West Bengal,Durgapur
ORD0435,Arjun Srivastava,2026-06-29,Telangana,Warangal
ORD0436,Aarav Pandey,2026-08-01,Rajasthan,Jaipur
ORD0437,Nisha Tiwari,2026-03-12,Tamil Nadu,Coimbatore
ORD0438,Ananya Yadav,2026-08-10,Uttar Pradesh,Prayagraj
ORD0439,Sakshi Singh,2026-01-13,Tamil Nadu,Madurai
ORD0440,Aditya Srivastava,2026-05-08,Telangana,Nizamabad
ORD0441,Sakshi Mehta,2026-06-05,Rajasthan,Jodhpur
ORD0442,Vibhav Singh,2026-06-12,Gujarat,Surat
ORD0443,Arjun Jain,2026-06-23,Karnataka,Mangalore
ORD0444,Ankit Mehta,2026-08-03,Tamil Nadu,Madurai
ORD0445,Ayush Srivastava,2026-08-20,Delhi,New Delhi
ORD0446,Arjun Patel,2026-01-11,Tamil Nadu,Madurai
ORD0447,Nisha Patel,2026-01-09,Rajasthan,Kota
ORD0448,Vivaan Mishra,2026-07-07,Telangana,Warangal
ORD0449,Simran Yadav,2026-08-21,Delhi,New Delhi
ORD0450,Ayush Mishra,2026-07-11,Rajasthan,Udaipur
ORD0451,Aditya Agarwal,2026-02-21,West Bengal,Kolkata
ORD0452,Vibhav Mishra,2026-05-16,Delhi,New Delhi
ORD0453,Aarav Mehta,2026-08-01,Bihar,Gaya
ORD0454,Neha Mehta,2026-08-22,Delhi,New Delhi
ORD0455,Sneha Verma,2026-07-11,Madhya Pradesh,Gwalior
ORD0456,Neha Mishra,2026-04-30,Gujarat,Ahmedabad
ORD0457,Vibhav Mehta,2026-07-13,Maharashtra,Pune
ORD0458,Pooja Jain,2026-08-05,Karnataka,Hubli
ORD0459,Rahul Yadav,2026-01-24,Bihar,Gaya
ORD0460,Rohan Jain,2026-03-09,West Bengal,Kolkata
ORD0461,Kavya Tiwari,2026-04-27,Bihar,Patna
ORD0462,Aman Srivastava,2026-05-30,Gujarat,Vadodara
ORD0463,Simran Patel,2026-08-29,West Bengal,Durgapur
ORD0464,Sneha Kumar,2026-06-22,Gujarat,Ahmedabad
ORD0465,Neha Mehta,2026-01-07,Karnataka,Hubli
ORD0466,Tanya Srivastava,2026-03-25,Telangana,Nizamabad
ORD0467,Aman Mishra,2026-06-15,Telangana,Hyderabad
ORD0468,Vikash Mehta,2026-08-21,Maharashtra,Nashik
ORD0469,Aditya Pandey,2026-01-30,Rajasthan,Kota
ORD0470,Pooja Singh,2026-01-10,Delhi,New Delhi
ORD0471,Pooja Srivastava,2026-01-30,Rajasthan,Kota
ORD0472,Shreya Tiwari,2026-08-16,Maharashtra,Pune
ORD0473,Ananya Mishra,2026-04-10,Bihar,Patna
ORD0474,Aarav Kumar,2026-06-21,Madhya Pradesh,Gwalior
ORD0475,Riya Gupta,2026-05-31,Bihar,Gaya
ORD0476,Sneha Singh,2026-06-17,Delhi,New Delhi
ORD0477,Priya Patel,2026-06-07,Maharashtra,Nashik
ORD0478,Aman Mishra,2026-01-09,West Bengal,Howrah
ORD0479,Aman Srivastava,2026-04-24,Gujarat,Surat
ORD0480,Sakshi Pandey,2026-08-07,Madhya Pradesh,Bhopal
ORD0481,Simran Sharma,2026-06-25,Gujarat,Ahmedabad
ORD0482,Kavya Singh,2026-01-16,Gujarat,Vadodara
ORD0483,Aditya Singh,2026-02-18,West Bengal,Howrah
ORD0484,Tanya Yadav,2026-01-24,Maharashtra,Nashik
ORD0485,Sneha Agarwal,2026-06-14,Tamil Nadu,Chennai
ORD0486,Vikash Jain,2026-01-06,Tamil Nadu,Madurai
ORD0487,Sneha Tiwari,2026-03-27,Uttar Pradesh,Noida
ORD0488,Sakshi Kumar,2026-07-21,Karnataka,Mysore
ORD0489,Pooja Patel,2026-01-18,Telangana,Hyderabad
ORD0490,Aarav Verma,2026-05-31,Bihar,Patna
ORD0491,Ankit Singh,2026-03-26,Karnataka,Mysore
ORD0492,Ananya Jain,2026-03-12,Delhi,New Delhi
ORD0493,Vikash Pandey,2026-05-19,Delhi,New Delhi
ORD0494,Ayush Srivastava,2026-01-29,Rajasthan,Jodhpur
ORD0495,Priya Kumar,2026-02-03,Tamil Nadu,Chennai
ORD0496,Simran Agarwal,2026-07-22,Uttar Pradesh,Agra
ORD0497,Priya Yadav,2026-01-05,Karnataka,Mangalore
ORD0498,Tanya Agarwal,2026-01-14,Delhi,New Delhi
ORD0499,Riya Mishra,2026-05-15,Delhi,New Delhi
ORD0500,Sakshi Kumar,2026-05-02,Maharashtra,Mumbai
